{"cameraMode":{"drawMode":0,"name":"Shaded","section":"Shading Mode"},"sceneLighting":true,"audioPlay":false,"sceneViewState":{"m_AlwaysRefresh":false,"showFog":true,"showSkybox":true,"showFlares":true,"showImageEffects":true,"showParticleSystems":true,"showVisualEffectGraphs":true,"m_FxEnabled":true},"in2DMode":false,"pivot":{"x":-3.747919797897339,"y":5.581603050231934,"z":-1.9472540616989136},"rotation":{"x":0.27005282044410708,"y":0.6363532543182373,"z":-0.25403910875320437,"w":0.6765267848968506},"size":0.28506577014923098,"orthographic":false}